<?xml version="1.0" encoding="UTF-8"?>
<project-private xmlns="http://www.netbeans.org/ns/project-private/1">
    <editor-bookmarks xmlns="http://www.netbeans.org/ns/editor-bookmarks/2" lastBookmarkId="1"/>
    <open-files xmlns="http://www.netbeans.org/ns/projectui-open-files/2">
        <group>
            <file>file:/C:/Users/samue/OneDrive/Documentos/NetBeansProjects/Algoritmos_de_ordenamiento/src/Ordenamiento/Orden.java</file>
            <file>file:/C:/Users/samue/OneDrive/Documentos/NetBeansProjects/Algoritmos_de_ordenamiento/src/Ordenamiento/Main.java</file>
            <file>file:/C:/Users/samue/OneDrive/Documentos/NetBeansProjects/Algoritmos_de_ordenamiento/src/Ordenamiento/Algoritmos.java</file>
            <file>file:/C:/Users/samue/OneDrive/Documentos/NetBeansProjects/Algoritmos_de_ordenamiento/src/Ordenamiento/Personas.java</file>
        </group>
    </open-files>
</project-private>
